UnixTimeStamp,NNIntervals,SDNN_5min,HeartRate,RMSSD_5min
1551452666897,1109,71.31931632382528,58,39.71389203212125
1551452667897,1134,71.40099048578693,57,39.67337080903702
1551452668892,1103,71.36890608419735,57,39.64735120928584
1551452669892,1076,71.27623910063478,57,39.61166359315714
1551452671887,1079,71.67547110467287,57,39.46146833295991
1551452672885,1043,71.67499172698776,57,39.51659429264872
1551452673882,1060,71.68220135757392,57,39.44181109666533
1551452674879,1053,71.63519348381028,58,39.34856444407499
1551452675877,986,71.50715080441334,58,39.462502653104245
1551452677871,999,71.60797987273405,60,39.47885769343077
1551452677872,908,71.91679714767413,60,39.76739340504091
1551452677874,843,72.72542882766425,61,39.879904459025674
1551452678867,914,73.07654661476357,62,39.80128607069572
1551452679865,980,73.10894792121896,62,39.98122440702319
1551452681862,997,73.17848739965962,62,39.985754265959365
1551452681865,987,73.12106119315928,62,39.92217004393612
1551452682859,1063,73.07129407234584,62,40.11491966414763
1551452684855,1099,73.26230583330637,61,40.23637640735755
1551452684858,1058,73.14507379782101,61,40.23898944042258
1551452685851,1087,73.19235375495562,60,40.11229998603287
1551452686848,1097,73.20288067032166,59,39.974144185833815
1551452687847,1075,73.22864616930508,59,39.980927656461255
1551452688845,1121,73.3719088059752,59,40.041927178938195
1551452690838,1093,73.50582420209427,58,39.97129071762197
1551452691837,1134,73.70082464325493,58,40.01402815238165
1551452692834,1116,73.82144297002647,57,40.0226551489287
1551452693831,1068,73.82022188085043,57,40.10958628014788
1551452694828,1099,73.89209211768171,57,39.805735750510344
1551452695827,1097,73.81569221015873,57,39.43465274013064
1551452696825,1008,73.15239798548863,58,39.52705092847226
1551452697822,1091,71.7429758456478,57,39.71968103125314
1551452698819,1145,67.81867360550618,57,39.83039983295727
1551452699815,1070,66.22951245642278,57,39.81737319551764
1551452700814,1132,65.62205279836026,57,39.9099669349757
1551452701812,1130,64.56344218965653,56,39.71773273382252
1551452702808,1132,64.14138166549444,56,39.686570660425964
1551452704805,1174,63.56708999977359,56,39.30566029857339
1551452705802,1104,63.62501310622507,56,39.50879908930985
1551452706799,1124,63.7222790443295,56,39.426192531542355
1551452707796,1106,63.621783956997945,56,39.44612228817787
1551452708794,1142,63.792728826210904,55,39.46841792808149
1551452709790,1193,64.31126232691773,55,39.57171922218331
1551452710788,1116,64.3042128638757,55,39.76006807965286
1551452711785,1157,64.22791598540229,55,39.44333444705716
1551452712785,1144,64.10881496921873,54,39.42560090693422
1551452714779,1134,63.50769053212953,54,39.269185954349005
1551452716773,1153,63.74834599228576,54,39.154383457598165
1551452716775,1138,63.81412771540273,54,39.09674119941192
1551452717772,1161,64.08969951617766,54,39.1198864676443
1551452719768,1105,64.22600628303809,54,39.01609995070396
1551452719770,1138,64.28728679538644,54,38.99694948281875
1551452720765,1099,64.25579676527647,54,38.953641766804694
1551452721762,1096,64.29324316167292,55,38.86825670531604
1551452722759,1102,64.23303453889183,55,38.803009413174394
1551452723757,1110,64.35236127161437,55,38.424444446660296
1551452725752,1132,64.32973835517477,55,38.36850099381146
1551452726748,1115,64.40931705964752,55,38.3739116252905
1551452727747,1093,64.42534696147216,55,38.154847497313526
1551452728743,1130,64.31045168863773,55,38.12912862664172
1551452729742,1150,63.99384375966287,55,38.12327482057362
1551452730740,1096,63.295543635957024,55,38.1755188859894
1551452731737,1141,62.287234697426086,55,38.21488142896374
1551452732735,1150,59.543100078956975,55,38.18849448605052
1551452733732,1120,58.662715228807365,55,37.979892340845595
1551452734729,1174,58.65913179370481,54,37.69081084591073
1551452736724,1198,58.89148764527152,54,37.32664926891509
1551452737722,1148,58.9793585478633,54,37.37808887273101
1551452738718,1169,58.56697155218482,54,37.35669482279747
1551452739717,1149,58.549880851423055,54,37.28499338483671
1551452740714,1129,58.166141686677776,54,37.19592162275125
1551452742709,1188,57.94653783905433,54,37.11756035508378
1551452742711,1188,58.25246915039478,53,37.052839189272156
1551452744704,1156,56.39588306184143,53,36.915751750069056
1551452745701,1189,55.94607234358404,53,36.902003939309886
1551452746699,1117,55.74257832793139,53,37.135550659806
1551452747697,1155,55.76350339278131,53,37.10809246398674
1551452748694,1122,55.80098889731957,54,37.14891795548234
1551452749692,1164,55.9765672094585,53,37.227418682395715
1551452750690,1131,56.02775143997353,54,37.27865670345479
1551452751687,1126,56.06324355256879,54,37.211816648016715
1551452753682,1142,55.950528379057545,54,37.2409361314087
1551452754679,1139,56.012699105491095,54,37.149725607008946
1551452755676,1102,56.03050525517318,54,37.21435812565126
1551452756675,1116,55.976853884231424,54,37.15826747986594
1551452757672,1137,56.08400478905507,54,37.12449420767155
1551452758668,1089,56.05820012278322,54,37.12449420767155
1551452759667,1133,56.141061469938506,54,37.18639630530819
1551452760665,1169,56.339181406466395,54,37.246735403866126
1551452761662,1120,56.32560840931437,54,37.3302943625279
1551452762659,1112,56.34584044752502,54,37.299028725419234
1551452764653,1148,56.42700369271421,54,37.319282860733495
1551452766650,1098,56.46629298588151,54,37.42568608320476
1551452766652,1098,56.37838011598153,54,37.359737686445285
1551452767645,1110,56.30282501588144,54,37.18496780939732
1551452768644,1125,56.3691870469328,54,37.16834561146026
1551452769642,1092,56.27557693565265,55,37.154537396162084
1551452770639,1101,56.2782077748323,55,37.15038192526401
1551452771637,1104,56.29623142736615,55,37.14018016186971
1551452772634,1122,56.35164756282662,55,37.09078478260434
1551452774628,1136,56.441695678986726,55,37.12488440727488
1551452774629,1136,56.44308831143759,55,37.059695797882355
1551452776624,1137,56.600122194819484,54,36.927698676975055
1551452777622,1145,56.721638549264114,54,36.89598054370815
1551452778619,1100,56.667585931292805,55,36.94962310886708
1551452779617,1085,56.660040528889155,55,36.96015174348461
1551452780616,1101,56.57491269035018,55,36.907423301239035
1551452781612,1092,56.64559776350391,55,36.843741227047424
1551452782609,1090,56.541555880508675,55,36.682833610425206
1551452783605,1137,56.21378124515314,55,36.67827387770432
1551452784604,1127,55.41347043551715,55,36.681873713796705
1551452786598,1133,54.29950205073932,55,36.499770075271755
1551452786600,1133,54.2867602188877,55,36.43545324983795
1551452787597,1081,54.07006774862132,55,36.56414390790942
1551452789590,1106,53.94115196101951,55,36.56365764075951
1551452790588,1126,53.99374999544529,55,36.58278766519701
1551452791587,1018,54.128555312091876,56,36.79654692663948
1551452792585,998,54.05695348773602,57,36.78074661497195
1551452793582,1030,53.98813165527891,57,36.81258042759997
1551452794579,1061,53.917907350815526,57,36.85694817772173
1551452795577,1024,53.96605488064585,57,36.87348248060318
1551452796574,1088,53.769078088831584,57,36.92997862922169
1551452797572,1127,53.811409984528076,57,36.98543309850649
1551452798569,1095,53.754307326611865,57,36.94184140839638
1551452799567,1093,53.75682929048683,57,36.94160227708845
1551452800564,1117,53.79157005524298,57,36.90715119305849
1551452801564,1106,53.77235645864993,56,36.802500299144775
1551452802559,1082,53.764642438031004,56,36.82995017213543
1551452803557,1114,53.78319809061774,56,36.67607224906144
1551452804553,1083,53.70888975764309,56,36.66335245756397
1551452805552,1045,53.75523965229945,57,36.43906768442693
1551452806549,1047,53.53128063822613,57,36.43906768442693
1551452807547,941,53.927574096164165,58,36.96761069210026
1551452808544,926,54.55481820079245,59,36.95083162253825
1551452809542,940,55.136365157246246,60,36.93490597188442
1551452810539,984,55.428289388361804,60,37.02568108854544
1551452811537,1052,55.36247293910636,60,37.18004348844708
1551452812534,1039,55.319900533290806,60,36.995940948205515
1551452813532,1041,54.86231709160245,60,36.995702166583975
1551452814529,1032,54.4517450107302,60,36.95365256862363
1551452815527,1010,54.34824362964121,60,36.96990467380334
1551452816522,975,54.521547588506486,60,36.89915585999512
1551452817522,945,54.574519502857754,61,36.92495493321268
1551452818519,977,54.19484084669909,61,36.94160227708845
1551452819517,976,54.05680169217634,61,36.91174652874231
1551452820514,1051,53.75539148931124,61,37.17882485592901
1551452821510,1105,53.45889373681454,60,37.28753711400457
1551452822511,1084,52.96179354190561,60,37.033887642566796
1551452823507,1083,52.88936589367892,59,37.033887642566796
1551452824502,1138,52.903337809123535,59,37.17621109497432
1551452825500,1113,52.867811209669256,58,37.12984569986944
1551452828494,1161,53.22786035994462,57,37.24072886130179
1551452829492,1138,53.28395707218105,57,37.261220813500664
1551452830487,1112,53.290133876187,57,37.27244123269685
1551452831485,1119,53.32404168070479,57,37.2690038461834
1551452832485,1049,53.368488979558265,57,37.33669066415621
1551452834480,1074,53.38937624358145,57,37.3604546469736
1551452834482,1074,53.30006044841836,57,37.29391772035199
1551452835477,1129,53.35608503632526,57,37.169660072339084
1551452836474,1130,53.18334690460985,57,37.01927938606241
1551452837472,1109,52.538103825222755,56,37.040422278401174
1551452838469,1139,51.94093951157257,56,36.759582477424715
1551452840464,1148,51.7132735269329,56,36.495449814228316
1551452841462,1140,51.78489051463376,56,36.470389163186695
1551452842459,1139,51.77491702808599,55,36.40548627068429
1551452843457,1164,51.96095410129449,55,36.303730580926896
1551452844455,1133,51.921008594689454,55,36.32489808162673
1551452845452,1107,51.723227804249554,55,36.3469834078012
1551452846450,1141,51.67627398869363,55,36.238729994322696
1551452847447,1120,51.70608579212661,55,36.219084252047836
1551452848445,1129,51.7185650855519,55,36.207144258746304
1551452849442,1098,51.7120839159208,55,36.207144258746304
1551452851437,1112,51.79780210587599,55,36.21710329980259
1551452851438,1112,51.72174192853969,55,36.15260261940465
1551452852435,1116,51.72513376163169,55,36.066466913009215
1551452853432,1101,51.717339801682,55,35.949054501793974
1551452854431,1084,51.68214090914605,55,35.88802276437005
1551452855424,1094,51.68122035509404,55,35.89174113707127
1551452856422,1042,51.75706067093716,56,35.98680066446665
1551452857422,1060,51.69643909789485,56,35.93892573490091
1551452859415,1101,51.732463796967274,56,36.045295742936126
1551452859416,1101,51.64454288803925,56,35.98132888553165
1551452860414,1082,51.61924520178848,56,35.90363382703506
1551452861412,1068,51.45569058546436,56,35.826116706920274
1551452862410,1085,51.42437072847063,56,35.82928395394586
1551452863407,1077,51.422340460774215,56,35.76464635751364
1551452864404,1031,51.44946808113902,57,35.84323630271801
1551452865400,1081,51.42225663618893,57,35.92802102865479
1551452866399,1122,51.455633358705626,57,36.00256098061804
1551452867397,1059,51.486179501865045,57,36.02658592785364
1551452869391,1111,51.50381642100587,57,36.1319743849369
1551452870389,1116,51.519523859251954,56,36.02885360117563
1551452871387,1127,51.52573473710374,56,36.03166855406553
1551452872385,1146,51.60600525520596,56,36.0233712195479
1551452873382,1086,51.60685293526562,56,36.1976090911346
1551452874379,1120,51.633597775795245,56,36.163527368659324
1551452875377,1122,51.61581171873266,56,36.09630258763661
1551452876374,1081,51.52829806369264,56,36.11486796242322
1551452877372,1050,51.68006744179247,56,36.200312615389905
1551452878369,1069,51.67846738553439,56,36.21210745011464
1551452879367,1078,51.679378831512615,56,36.19229976497183
1551452880365,1025,51.73996456355199,57,36.26566670502948
1551452881362,1058,51.77508860460826,57,36.30929974850728
1551452882359,1090,51.75591135632515,57,36.22716938181121
1551452883357,1031,51.85273268377888,57,36.358927806051625
1551452884355,1066,51.782539951091564,57,36.3542153713296
1551452886349,1084,51.88551834526895,57,36.2544880029476
1551452887347,1073,51.896724690177294,57,36.2544880029476
1551452888346,1065,51.91724307703192,57,36.14905874844567
1551452889342,1039,51.90241266232831,57,35.980322815300575
1551452890340,1066,51.92170992013615,58,35.97186524171317
1551452891337,1031,51.994187877633905,58,35.978591894807344
1551452892334,1000,52.27239444022413,58,35.88177503077893
1551452893332,1001,52.46383626119918,59,35.80631964738057
1551452894329,1005,52.705592881221904,59,35.78305529525595
1551452895327,1028,52.82818176954892,59,35.79498762103481
1551452896324,1051,52.87776720472106,59,35.81884034755196
1551452897322,1081,52.87649085965672,59,35.71312148585369
1551452898320,1079,52.78633524105778,58,35.649943053479234
1551452899317,1057,52.75432038633996,58,35.55447324002828
1551452900315,1003,52.90872988744759,59,35.636464431437986
1551452901312,1017,53.173497114905956,59,35.64845097248391
1551452902310,1009,53.350496417652245,59,35.64919702078787
1551452903307,1036,53.34634456992134,59,35.6223319005836
1551452904304,1099,53.38964038297169,59,35.7515560341819
1551452905302,1147,53.493613864707655,58,35.821117825516055
1551452906299,1119,53.52028396252132,58,35.81235572669069
1551452907297,1124,53.50211894002752,57,35.79928284871457
1551452908294,1110,53.495840979745026,57,35.79294276492294
1551452909292,1087,53.49393102579244,57,35.70962482251164
1551452910289,1059,53.422242275353696,57,35.724517278079105
1551452911287,980,53.71136810354466,58,35.96921534168935
1551452912284,935,54.271342707981056,59,35.950741722371916
1551452913282,1041,54.31119319226243,59,36.47938572726889
1551452914279,1033,54.32359160976896,59,36.384285817052415
1551452915277,1100,54.03581999684376,59,36.563754282191546
1551452916275,1141,53.98782318271558,58,36.59234892706397
1551452917272,1115,53.92036060587464,58,36.56043617023389
1551452919267,1139,53.99715942988843,57,36.62125895943299
1551452920264,1141,54.07583047164813,57,36.54417917811427
1551452921261,1126,54.12056560918743,56,36.45264123494391
1551452922258,1112,54.11130514916455,56,36.40273355945549
1551452923257,1132,54.08425895732677,56,36.35796210530376
1551452924254,1075,54.08780235165802,56,36.51494966853678
1551452926250,1160,54.358325849957666,56,36.880716901274354
1551452926251,1160,54.436672356576175,56,36.81572880337892
1551452927246,1117,54.42417825425436,55,36.85205480922294
1551452928244,1130,54.48330266545255,55,36.85778722160677
1551452930239,1123,54.36658830983697,55,36.458650764224714
1551452932234,1123,54.39854883293477,55,36.455403631021696
1551452932236,1123,54.34204707156637,55,36.390937791665806
1551452933232,1073,54.34733338166195,56,36.36004680323678
1551452934229,1116,54.23797344940055,55,36.38336318439753
1551452936225,1098,54.25015084081018,55,36.394849998083224
1551452936226,1098,54.15702323594906,55,36.3304912386218
1551452937222,1152,54.08806189222768,55,36.34079952680389
1551452938220,1133,54.12754677943869,55,36.22671056422163
1551452939217,1154,54.24185749643271,55,36.14937599958
1551452941212,1131,54.37596051403066,55,36.13896543476356
1551452942210,1076,54.28597702948236,55,36.222906287725294
1551452943208,1109,54.3684045588946,55,36.34005078119928
1551452944204,1107,54.361986461240825,55,36.28380057818039
1551452945202,1054,54.30177442368698,55,36.39504486575257
1551452946199,1102,54.27019800867102,56,36.43317014102427
1551452947198,1069,54.283911076665404,56,36.41214044286885
1551452948195,1122,54.220709449440236,56,36.484034942063495
1551452949192,1123,54.27787175131771,56,36.54871421320179
1551452950190,1108,54.25027903134993,56,36.50993258422925
1551452951187,1135,54.31353402188557,55,36.545124152077804
1551452952183,1086,54.31435763132886,55,36.6596866341418
1551452953182,1102,54.317083297333625,56,36.631382120094365
1551452955177,1098,54.37474976567205,56,36.62486563686138
1551452956173,1066,54.38822759918344,56,36.487603315777505
1551452957172,1045,54.385179715119236,56,36.49330850767437
1551452958170,1079,54.36224636675368,56,36.54962988649622
1551452959167,1051,54.387171979330205,57,36.58539467059016
1551452960166,1109,54.38148225430568,56,36.74820546614768
1551452961162,1146,54.46676108784805,56,36.61592520540328
1551452962159,1111,54.2496996155916,56,36.67496940398066
1551452963157,1167,54.184202177192375,56,36.78034249848755
1551452964157,1109,54.08786087166462,56,36.907598384415884
1551452965151,1154,54.18138027171516,55,36.98773481426501
1551452966149,1158,54.23952478882244,55,36.78469626085771
1551452967147,1074,54.243820172950606,55,37.094473981982816
1551452969142,1071,54.298819458723784,55,37.079788487607566
1551452970139,1042,54.374776732298784,56,37.11983489803185
1551452971137,1094,54.27797571006171,56,37.183348739557395
1551452972134,1124,54.3030118128469,56,37.16439385781108
1551452973132,1065,54.24656473657749,56,37.316907715183035
1551452974129,1075,54.22127215591778,56,37.31933943795642
1551452975127,1028,54.30764085865003,57,37.21047187394767
1551452976124,1000,54.215676166234275,57,37.23986881262465
1551452977122,1033,54.237583925835224,57,37.225687005744376
1551452978119,1068,50.841226881223115,57,36.569893941015785
1551452979117,1058,49.726191314984675,58,36.36147883209844
1551452980114,1083,49.250758254184284,57,36.37797606873069
1551452981112,1135,49.21887368240152,57,36.445445019006854
1551452982109,1103,48.51426894015998,57,36.27238225269625
1551452983107,1130,48.51344396188766,57,36.24445770439551
1551452984104,1136,48.48331099920464,56,36.181678775363075
1551452985103,1130,48.55352184945769,56,36.12354791940729
1551452987097,1108,48.64090126617375,56,36.18327501320193
1551452988094,1104,48.624226465678184,56,36.079114581161406
1551452989092,1078,48.61717913995916,56,36.073749627483686
1551452990089,1113,48.53943726502281,56,36.0699716820357
1551452991087,1132,48.58296118955812,56,36.00456320285765
1551452992085,1142,48.60682657016569,55,35.99345178540913
1551452993082,1101,48.5945877680396,55,35.96253010326959
1551452994079,1127,48.59469578633397,55,35.948375683550914
1551452995077,1098,48.594628046075734,55,35.98992914691553
1551452996074,1108,48.59859239228478,55,35.59975922872031
1551452997072,1131,48.34179644130267,55,35.27929380569531
1551452998070,1107,48.34288173598994,55,35.16065170857089
1551453000064,1088,48.32239348622525,55,34.757119381074304
1551453001062,1124,48.30458438392613,55,34.8236725812056
1551453002059,1106,48.268840387779676,55,34.840136702487676
1551453003055,1064,48.267686230543326,56,34.84013670248767
1551453004054,1101,48.18183128829626,56,34.84808869528264
1551453005052,1091,47.96610579921443,56,34.60124894525382
1551453006049,1038,48.0949257835065,56,34.7253509701486
1551453007047,1068,48.09921722345277,56,34.75495853625987
1551453008044,1081,48.10550571104415,56,34.69700481103726
1551453009040,1058,48.08488379753105,57,34.59020298953365
1551453010039,1045,47.83449558604678,57,34.2915545621034
1551453011036,1104,47.82194750256923,57,34.38516083595198
1551453012034,1122,47.70788054174552,56,34.39320946266657
1551453013033,1077,47.633748497602944,57,34.4930117145902
1551453014029,1108,47.55463741888793,56,34.48120845699588
1551453015027,1126,47.53406361500756,56,34.47929906562689
1551453017022,1058,47.47847584464732,56,34.740312113081046
1551453018020,1096,47.31450979147219,56,34.65323114186364
1551453019017,1098,47.23060426303598,56,34.59172138839147
1551453020014,1091,47.24106960955266,56,34.52121500924157
1551453021012,998,47.59128119472048,57,34.965288910166734
1551453022009,962,48.24164939288887,59,35.02957933763163
1551453022010,880,49.81152736818732,59,35.3076967806921
1551453023007,918,50.88827385102794,60,35.37717461847067
1551453024005,946,51.619066272325995,61,35.39226044835408
1551453025002,909,52.6618296361703,62,35.39809066454059
1551453025998,958,53.197287592154254,62,35.50372071202064
1551453026997,998,53.46117034429155,62,35.55940988269735
1551453028990,1016,53.68457629628607,62,35.55037526517353
1551453028991,1016,53.7685597323198,62,35.48728670567104
1551453030987,1056,53.77790681968352,61,35.38275712517835
1551453031982,1067,53.704646482260806,61,35.38476862343186
1551453032981,1017,53.75030256068644,61,35.46513500202337
1551453033979,1045,53.77916411793037,60,35.35800633660847
1551453034977,1075,53.539549680827015,60,35.374307583480366
1551453035974,1063,53.46491424625352,60,35.318761212944906
1551453036972,1055,53.0936259149677,60,35.19625826341034
1551453037969,1090,52.97004083605629,59,35.23573097849188
1551453038968,1130,52.80651219068184,59,35.29606290703807
1551453040960,1105,52.72085502009258,58,35.19457860224105
1551453041959,1133,52.69955944452188,58,35.171666143229274
1551453042957,1129,52.15547559641917,57,35.183251838970385
1551453043954,1087,52.06294179671545,57,35.209756465426025
1551453044951,1118,51.93108516288704,57,35.203310208635074
1551453045949,1117,51.60026112675933,57,34.94128814198579
1551453046945,1064,51.582793182803776,57,35.010484751759606
1551453047944,1063,51.433625072866754,57,34.95534131609678
1551453048942,1064,51.40235978322264,57,34.86580148906916
1551453049940,1029,51.29367797688095,57,34.87271688553565
1551453050937,1071,51.225182986271925,57,34.96102186214514
1551453051933,1045,51.218168450170296,58,34.982315694469364
1551453052932,1077,51.129335667589004,57,34.97222522377542
1551453053929,1051,51.0501630356969,58,35.00590560979443
1551453054927,1089,50.945095223367396,57,35.00969073313391
1551453055924,1129,51.004740358553406,57,35.080472858439805
1551453057918,1154,51.13174115225943,57,35.035493654333415
1551453058917,1094,51.134468606392815,57,35.11960314158882
1551453059915,1033,51.1377031343166,57,35.241819130158945
1551453060912,1050,50.919215762269666,57,35.13540171822018
1551453061909,1005,51.08046636491132,58,35.23422135665735
1551453062907,1025,51.16380171977615,58,35.18910413246393
1551453063904,1064,51.084687523346815,58,35.20329650481121
1551453064902,1078,50.9342118149537,58,35.08747272246136
1551453065899,1134,50.938231561793984,57,35.18292239381223
1551453066897,1101,51.0229253528376,57,35.29236796743903
1551453067895,1131,51.078858819913926,57,35.32614323358435
1551453068891,1149,51.16992982222323,56,35.287862156097006
1551453069889,1121,51.21858637064668,56,35.323042259800225
1551453070887,1143,51.33344249821903,56,35.34679277837403
1551453072882,1143,51.4808111264968,56,35.38336147829296
1551453073879,1072,51.393472407705,56,35.57205398532649
1551453074877,1096,51.291265095991065,56,35.66366726965368
1551453075874,1094,51.20549810209001,56,35.600800006892285
1551453076872,1068,51.107516459813354,56,35.63115919108377
1551453078867,1061,51.061924673547786,56,35.584780394779465
1551453078868,1061,50.98608534512612,56,35.521854120264365
1551453079865,1054,51.01150097743973,57,35.51155687065961
1551453080860,1040,51.056570134551194,57,35.51727793345262
1551453081859,1078,51.052731820808496,57,35.588837730737076
1551453082857,1059,51.066589698033,57,35.496976430240444
1551453083853,1081,50.957223900985994,57,35.51608404861676
1551453084852,1066,50.88992437141406,57,35.52548480557835
1551453085849,1082,50.80032886118212,57,35.475591688283416
1551453086846,1092,50.701784780649135,57,35.40851946754329
1551453087845,1073,50.70354376688165,57,35.3953441668898
1551453089840,1112,50.715605215284164,57,35.45125554101898
1551453089841,1112,50.66135332315675,57,35.3887863197242
1551453090837,1100,50.602097054771356,56,34.81095828760547
1551453092832,1126,50.38907941352705,56,34.83449003664435
1551453093828,1116,50.340788564356444,56,34.790793225884045
1551453094825,1077,50.3271040205396,56,34.79851140149126
1551453095823,1112,50.24445096163529,56,34.652438867049874
1551453096821,1094,50.24844610074765,56,34.59135495258649
1551453097819,1098,50.18516887027875,56,34.539832078341085
1551453098817,1130,50.26150200288807,56,34.5919678579101
1551453100812,1075,50.302852196244935,56,34.77215605738926
1551453100813,1075,50.21532394370974,56,34.710666785479354
1551453101807,1093,50.198698777764555,56,34.69783753101368
1551453102807,1014,50.35730035653943,57,34.962473572444594
1551453103805,1046,50.36181969107084,57,34.9656570529552
1551453105801,1083,50.405743890121414,57,35.023598933711874
1551453105802,1083,50.31675545640421,57,34.96166502329964
1551453106797,1139,50.39343084563076,57,34.54990756969119
1551453109790,1108,48.275402899671015,56,34.600927722942004
1551453109792,1108,48.21277131576259,56,34.53952407611105
1551453109793,1108,48.15033990706378,56,34.478446178495226
1551453110787,1112,47.81730908391518,56,34.2415035500929
1551453111785,1083,47.780387693760154,56,34.27615969846843
1551453113780,1092,47.72486886348656,56,34.33667270133466
1551453113781,1092,47.642837673522635,56,34.27595351553758
1551453114777,1062,47.56025170171019,57,34.29738990161795
1551453115774,1052,47.393917170464654,57,34.23938797709352
1551453116772,1037,47.03013831384443,57,34.204539611509695
1551453117769,1071,46.298089610454376,57,34.21135719510031
1551453118767,1045,45.91208025805041,57,34.24619862322449
1551453119764,1087,45.449435880091464,57,34.046424343838325
1551453120760,1089,45.40319270632996,57,33.89497393346881
1551453121758,1056,45.42273266669969,57,33.92873429116841
1551453123753,1103,45.514669822321125,57,33.946192299449514
1551453123755,1088,45.43440449406651,57,33.89789282255149
1551453124750,1130,45.40428651090033,57,33.95720649275378
1551453126745,1089,45.37542525026748,57,33.92477648215176
1551453127742,1128,45.3653395786664,56,33.94397828734621
1551453128740,1104,45.15718969961033,56,33.9464159364369
1551453129737,1090,45.04992645373055,56,33.92151255596523
1551453131735,1044,45.12235931892465,57,33.833775751834764
1551453131736,1044,45.108061505125505,57,33.77415671740496
1551453132731,999,45.34436094960808,57,33.847056584533604
1551453133727,979,45.693520103112746,58,33.8083867929817
1551453134727,966,46.29928851105169,59,33.71906511326605
1551453135722,954,46.85617817492551,59,33.72653070268919
1551453136720,998,47.044825345582815,60,33.80448132639338
1551453137717,1009,47.22149832049296,60,33.76388603226827
1551453138716,1007,47.312378469193014,60,33.759870752706334
1551453139712,1029,47.33320702014006,60,33.725777532555696
1551453140713,1051,47.20472188899485,60,33.74761849947289
1551453141708,1032,47.166953933542416,60,33.766328084064774
1551453142705,1061,47.056415421960516,59,33.77754886041235
1551453143703,1084,46.79738352616634,59,33.75510357773857
1551453144702,1071,46.69708662908442,59,33.72874249324215
1551453145699,1070,46.67421289566132,59,33.6686120681636
1551453146694,1081,46.53465036089265,58,33.651933548890575
1551453147692,1097,46.4851287425269,58,33.661055638031726
1551453148728,1060,46.40849913064758,58,33.68231354307532
1551453149712,1075,46.396565161025215,58,33.683824010940334
1551453150707,1048,46.352922046269406,58,33.662766050665205
1551453151705,1012,46.52397339653128,58,33.78829860775794
1551453152713,1005,46.67717357226521,59,33.7791589437536
1551453153680,1046,46.69800720400102,59,33.85137795531644
1551453154677,1057,46.71402490349482,59,33.85246628658258
1551453155672,1016,46.84982756403728,59,33.79940827884417
1551453156670,1030,46.88760919436695,59,33.79276368089745
1551453157670,961,47.38403403456472,60,33.952288505148545
1551453158665,905,48.38701865660153,61,34.05425535366039
1551453159662,916,49.356050567694126,61,34.101602575914434
1551453160682,944,49.97141177560684,62,34.13183933133916
1551453161686,992,50.21491145907353,62,34.235254221035774
1551453162689,995,50.43736183646213,62,34.23243562942619
1551453163654,956,50.92809562327094,62,34.201928744217945
1551453164681,1012,50.99786837530255,62,34.23453678337024
1551453165679,1024,51.08487444446256,62,34.15568073272424
1551453166676,996,51.217844896802326,62,33.991691451284055
1551453167673,1017,51.32158372894451,62,33.874691686303294
1551453168669,1016,51.34611786768651,62,33.815470039406726
1551453168671,989,51.49966594391167,62,33.79410912935403
1551453170662,1007,51.62827627698381,61,33.86232925623019
1551453170664,986,51.792654827462314,62,33.8260048819215
1551453171665,962,52.10167354210901,62,33.83707633930033
1551453172662,979,52.20594140000079,62,33.66617218850079
1551453173629,956,52.64081414253442,62,33.633710482732
1551453174657,962,52.95185871950633,62,33.635367979168535
1551453175653,994,53.05563592391242,62,33.601321112239084
1551453176639,1007,53.18175642104983,62,33.5602323979777
1551453177644,1021,53.246893761220825,62,33.551665915633535
1551453178636,999,53.409859871872925,62,33.572585049396395
1551453179626,993,53.59730649980528,62,33.42837785464667
1551453180610,1016,53.62579228000051,62,33.399180027073065
1551453181629,988,53.83488747877981,62,33.38665885570221
1551453182625,967,54.15418510710683,62,33.22764895463212
1551453183627,946,54.589223667243466,62,33.18651755962338
1551453184622,924,55.24665407943284,63,33.19491586108316
1551453185597,898,56.04705561660703,64,33.17263346662595
1551453186616,904,56.853374396910375,64,33.16818463862957
1551453187613,942,57.32179144036851,64,33.2403390308957
1551453187614,943,57.677032506445336,64,33.182832097648955
1551453188614,973,57.93299959806419,64,33.19450907192261
1551453189590,1009,58.0068995357256,64,33.22404807127233
1551453190587,970,58.275721108225575,64,33.23945835442421
1551453191616,991,58.40340038857208,63,33.21238148246861
1551453192609,1029,58.316916184586084,63,33.2874655587024
1551453193577,1034,58.22402097538386,63,33.28793332711287
1551453194577,1006,58.22048698184182,62,33.301184034978206
1551453195602,1042,58.19552845601959,62,33.341008343633554
1551453196592,1022,58.2445876371598,62,33.31505265738018
1551453197596,1024,58.28627637038521,61,33.31505265738018
1551453198566,1051,58.285726108841104,61,33.32777346942136
1551453199592,1077,58.28851011687798,61,33.211287529651145
1551453200588,1058,58.17646392262107,60,33.21988190275845
1551453201588,1014,58.185273249745904,60,33.31723371295607
1551453202589,1027,58.135048022812576,60,33.2881412220743
1551453203582,1040,58.12863426868456,60,33.09005223769563
1551453204585,1013,58.17364901674672,60,33.007601095865866
1551453205569,1054,57.974098718144155,60,33.05458419542107
1551453206551,1049,57.89134449612913,60,33.05458419542107
1551453207559,1009,57.87338730675949,60,33.12798919071408
1551453208572,1019,57.868124477722134,60,33.10557715482884
1551453209566,1027,57.890623533036724,60,33.06792840916039
1551453210535,1033,57.917229326081596,60,32.74167529369967
1551453211784,1022,57.761064670025064,60,32.640910920866546
1551453213753,1049,57.355046886097334,60,32.13134935092381
1551453213754,1007,57.3524434367542,60,32.17071676697673
1551453214778,1009,57.41388960005478,60,31.928607645169397
1551453215772,1016,57.440574958759676,60,31.840052250830862
1551453216771,987,57.43001748635878,60,31.849016650309554
1551453217742,1031,57.37660706924199,60,31.92280914870489
1551453218765,1019,57.33382971150076,60,31.87551216627067
1551453219760,1009,57.239417108809526,60,31.880704357727552
1551453220760,992,57.194117127627464,61,31.884165348962814
1551453221758,980,57.26404023938979,61,31.88135332220344
1551453222755,930,57.69406485150739,61,31.994719391885862
1551453223754,941,57.95880484968801,62,31.825710707994656
1551453224749,924,58.492289713422466,62,31.44771248739174
1551453225747,923,58.93078327127164,63,31.39368684756795
1551453226719,965,58.67474682853621,63,31.443106804468947
1551453227742,932,59.02806115562257,63,31.493513289411585
1551453228737,988,59.00759017738721,63,31.66206258121147
1551453229735,982,59.06632236953655,63,31.60957051991702
1551453230740,997,59.035661591508784,63,31.621798562540643
1551453231731,1018,58.975414485773314,63,31.59151741532432
1551453232731,1026,58.833496926405545,62,31.51321110624564
1551453233725,1042,58.8287126663354,62,31.426235018256346
1551453234723,1018,58.757896964404,62,31.440009968257392
1551453235696,1059,58.65779505613184,61,31.47770465600946
1551453236723,1058,58.647308567748766,61,31.372498736567746
1551453237717,1020,58.39906693740282,61,31.43175665565769
1551453238720,1049,58.21392314798439,60,31.453615005388755
1551453239688,1027,57.93392468601641,60,31.451156699427738
1551453240684,1030,57.85027694016968,60,31.397746625366054
1551453241707,1056,57.66936751274237,60,31.26937755381037
1551453242702,1008,57.71204845371964,60,31.33584100525864
1551453243701,967,57.83170498322703,61,31.427346088904496
1551453244675,988,57.86178477833491,61,31.298058935829957
1551453245671,1019,57.89286367507176,61,31.224496442411873
1551453246668,996,57.90707207425538,61,31.193771331197098
1551453247666,1028,57.91317090241335,61,31.095632429078893
1551453248664,1029,57.77710033976304,61,31.095632429078893
1551453249661,997,57.70545541656634,61,31.139599508250683
1551453251657,1002,57.55626027653458,61,31.02155330990777
1551453251659,1018,57.487165986163944,61,30.98254037710881
1551453252653,1005,57.50549291067927,61,30.977731728028427
1551453253651,1050,57.42204109646521,60,31.088583113419627
1551453254649,1052,57.32423756972884,60,31.035705519044466
1551453255648,1031,57.261891804040516,60,31.003632947973962
1551453256647,1063,57.259077326985235,60,31.035705519044466
1551453258641,1078,57.35484211364344,59,30.9941996341074
1551453259639,1101,57.435841749970905,59,30.83717734892924
1551453259640,1101,57.41809111625621,59,30.78450920229099
1551453260636,1053,57.3115311819298,59,30.83629570985793
1551453261634,1074,57.0485184416385,59,30.792878481683285
1551453262631,1080,56.96151625853186,58,30.620600262071232
1551453263628,1094,56.60148404092523,58,30.443535828154666
1551453264627,1044,56.49050597618534,58,30.470149886892475
1551453265623,1063,56.15660524296663,58,30.48946553372859
1551453266621,1071,55.80198708948714,58,30.0955815245985
1551453267618,1013,55.81650902520978,58,30.285219815103645
1551453268616,1023,55.73944445512147,59,30.23929506430986
1551453269613,1053,55.72315961697259,59,30.242613085818228
1551453270611,1039,55.724375651403484,59,30.101246386380833
1551453271608,1022,55.67607141256713,59,30.06670588410192
1551453272606,1052,55.49441767578266,59,29.920359141502015
1551453273603,1040,55.485384170665654,59,29.922860007365752
1551453274601,1002,55.52090007148722,59,29.879349226582583
1551453275598,1063,55.519024778021354,59,30.046053087260056
1551453276596,1041,55.453669546382095,59,30.01178906685166
1551453277593,1023,55.46505002677362,59,29.96068852918532
1551453278591,1010,55.49150882949042,59,29.964604970204572
1551453279589,1029,55.49647372258572,59,29.949617557436937
1551453280586,1014,55.486437930262404,59,29.808515881331957
1551453281583,986,55.351620073903135,60,29.794819894018598
1551453283578,1028,55.130394249330394,60,29.90268630849348
1551453283580,1028,55.04541546008228,60,29.851788082134714
1551453285574,1002,54.708582176875616,60,29.911587581944797
1551453285575,1002,54.67059411977311,60,29.86067420447132
1551453286571,1031,54.583097395631206,60,29.857798572453742
1551453287566,1025,54.466130780502574,60,29.858933875866853
1551453288566,1071,54.37596845984398,60,29.940562588829117
1551453289563,1048,54.33954387369553,60,29.901136535284003
1551453290561,1064,54.20150039843965,59,29.895184125512667
1551453291559,1038,53.95494029065558,59,29.927822778665107
1551453292556,972,53.80209222942783,60,30.07893570060876
1551453293552,962,53.89560963968539,60,30.046461197759623
1551453295549,978,53.78435210881738,61,30.058785940967386
1551453295551,978,53.81885590599909,61,30.007795597313862
1551453296546,969,53.8390685713141,61,29.982480760310228
1551453297543,1010,53.60903315336914,61,30.04488168148175
1551453298539,994,53.5337739794413,61,30.038957755735275
1551453300536,1023,53.468596213434225,61,30.01327389955138
1551453300537,1023,53.38685398959353,61,29.962532909925645
1551453301533,1032,53.16138354936506,61,29.948830234792677
1551453302531,1001,53.064687557838894,61,29.903504720928538
1551453303528,1031,53.04638416912951,61,29.877000102673197
1551453304526,1029,52.925247798965025,61,29.871571950783096
1551453305523,1004,52.874381967548985,61,29.7478139101419
1551453306533,1017,52.88868786624701,61,29.70627606816173
1551453307549,918,53.316931172894314,61,30.249022767328825
1551453308545,867,54.167974742180334,63,30.36450853181025
1551453310541,875,55.05290172270473,64,30.215441108081333
1551453310543,889,55.62009246301812,64,30.175332238033025
1551453310544,959,55.704139587220176,64,30.397091390183455
1551453311537,1010,55.5809682234254,64,30.522939433315255
1551453312534,983,55.433033052216544,64,30.451374275822015
1551453313501,1000,55.41475371376601,63,30.414200121383587
1551453314530,1010,55.26747421984613,63,30.40179863543208
1551453316523,1001,55.041788686383434,63,30.149180154244068
1551453316525,1001,54.98191989093367,62,30.09855177233526
1551453317522,1031,54.96388937428354,62,30.068211044826757
1551453318522,1052,54.8548276821849,62,30.09258643568648
1551453319517,1076,54.782550629477825,61,30.121955692901153
1551453320510,1065,54.71123535928695,61,29.64312340325613
1551453322508,1134,54.274962826072866,60,29.4747945457388
1551453323506,1154,54.2923209179356,59,29.452779431086228
1551453324503,1149,54.4429707105248,58,29.375596601187112
1551453325502,1095,54.04665341434886,58,29.405195808573367
1551453326497,1123,54.08477019376496,58,29.358283052382067
1551453327497,1108,54.192772222009125,57,29.352586331093963
1551453328464,1061,54.11865714462783,57,29.429765733201325
1551453329488,1087,54.256446941926036,57,29.426442879501092
1551453330489,1092,54.2558112008181,57,29.37829428479766
1551453331487,1052,54.25184351314344,57,29.462925398947966
1551453332484,1103,54.356594635618855,57,29.468695939997755
1551453333479,1127,54.58562914440859,57,29.456810820312906
1551453335474,1080,54.68849879162805,57,29.57314568905286
1551453337474,1112,54.92098340554174,57,29.60806120190232
1551453337477,1111,54.988825087656515,56,29.55806242049797
1551453338470,1063,54.92625724226742,57,29.598267389028578
1551453339438,1116,54.853647346121164,56,29.722648112353838
1551453340437,1117,54.94869922250618,56,29.672624529431943
1551453341458,1067,54.83894077523466,56,29.769824054609803
1551453342460,1112,54.730928484724586,56,29.883218267227072
1551453343456,1123,54.69871927570983,56,29.790514387548722
1551453344455,1047,54.62896430249561,57,30.06138500945804
1551453345443,960,54.62268968035856,57,30.482262878079602
1551453346447,886,55.13577819360529,59,30.62920417098929
1551453347446,976,55.22795976111975,59,31.071168443068064
1551453348443,1107,55.35631781176947,59,31.98742387556843
1551453349441,1138,55.6423282754022,58,31.973526507196492
1551453350439,1135,55.92643325631135,58,31.880986596987633
1551453351432,1131,56.15400256578251,57,31.846115684257075
1551453352434,1105,56.286691771867325,57,31.827713819930068
1551453353433,1074,56.27999216737987,57,31.842785100599517
1551453356423,1088,56.21313572905268,57,31.76577414104151
1551453356425,1088,56.19361675023741,57,31.712070342464315
1551453357419,1100,56.213861612663045,57,31.66629452200254
1551453358419,1051,55.81461580568694,57,31.60248679640846
1551453360415,1078,55.861516554413654,57,31.480259794937453
1551453360416,1108,55.91544592981786,57,31.475392558319864
1551453361412,1064,55.93140735248587,57,31.470631919309668
1551453362409,1078,55.94586460852555,57,31.459717174726855
1551453363404,1100,56.054278729826585,57,31.40417523550369
1551453364402,1045,56.03607481605044,57,31.55546663808783
1551453365372,1062,56.005776650996,57,31.403210284326274
1551453366400,1033,55.73062781488409,57,31.389912381633064
1551453367390,998,55.65873717635144,58,31.407337923180886
1551453369391,1056,55.117530302909465,58,31.581244433999114
1551453369392,1056,55.03548968689444,58,31.52803252689321
1551453370385,1076,54.86631005315458,58,31.523546861576463
1551453371385,1081,54.58006445719188,58,31.524881947727913
1551453372383,1113,54.66604327962545,58,31.526488277117817
1551453373382,1070,54.35367380270257,58,31.35614857872814
1551453374379,1067,54.34359754598796,58,31.325793990376614
1551453375376,1077,54.285280667562844,57,31.33093545967826
1551453376353,1028,54.18596317906487,58,31.423177868932186
1551453377373,1046,54.15806912416754,58,31.437858167733012
1551453378339,1070,54.10202138505284,58,31.415917402182227
1551453379365,1026,54.15898237223996,58,31.569035887173346
1551453380361,1000,54.19014915548285,58,31.594536950249324
1551453381352,1000,54.23016378531989,59,31.517758922816476
1551453382361,1000,54.21550456794626,59,31.498535174207795
1551453384357,945,54.47967586510861,61,31.67485274308778
1551453384359,945,54.63831646711671,61,31.62166235670324
1551453385351,963,54.76673615940196,61,31.62527024581459
1551453386349,972,54.817048862936915,61,31.624262200588067
1551453387344,978,54.81072334492456,61,31.60701434341272
1551453388343,1005,54.78902586231597,61,31.564943174095717
1551453389313,986,54.766543648773364,62,31.53126600353931
1551453390311,996,54.51970424015829,62,31.581788992600693
1551453391307,990,54.43624277441977,62,31.547769254995572
1551453392331,955,54.52901777278053,62,31.55994455531327
1551453393328,983,54.33133197646343,62,31.596166314167103
1551453394328,987,54.172666677381535,62,31.51641288180581
1551453395325,977,54.19838450491992,62,31.45666446288346
1551453396300,986,54.0566122173293,62,31.443743894459114
1551453397316,975,54.026282364939235,62,31.449327507418925
1551453398317,943,54.116641851713005,63,31.449327507418925
1551453399314,978,53.88518451641316,63,31.353470841029132
1551453400312,986,53.852790609943376,63,31.304579004782454
1551453400314,962,53.90138872104389,63,31.28313525679639
1551453401313,966,53.97859323038888,63,31.3188441676892
1551453402310,951,54.03155941732159,63,30.997042869710445
1551453403309,958,54.17548104448068,63,30.944574107049316
1551453404304,917,54.538635355139625,64,30.961373785196724
1551453405272,963,54.57312083425661,64,31.0234077309783
1551453406293,994,54.50343258821518,63,30.95819762195466
1551453407295,953,54.277610311931234,64,30.996935332384076
1551453408295,968,54.28963612364752,64,30.957478070814858
1551453409290,981,54.2604472903036,63,30.915233391147797
1551453410286,981,53.86556458089943,63,31.01725326330493
1551453411285,952,53.789327367507994,63,31.01725326330493
1551453412285,972,53.76425201867272,63,31.034389527318453
1551453413282,979,53.73638551979505,63,30.98542149971419
1551453414279,990,53.566669939998015,63,30.995160912632798
1551453415275,944,53.71157500052057,63,31.10337602254779
1551453416255,955,53.825251065556685,64,31.097802709087553
1551453416257,962,53.84746638303051,64,31.048723899927886
1551453417269,965,53.940334747363124,64,30.987297794172335
1551453418268,939,54.075012559820074,64,30.987297794172335
1551453419264,948,54.22205332171756,64,30.896945843537207
1551453420263,977,54.146947943293945,64,30.941913214206426
1551453421262,970,54.08108644050177,64,30.886029914086087
1551453422261,933,54.27405872540897,64,30.84081947969934
1551453423256,938,54.38792614736588,64,30.791060455487884
1551453424254,956,54.24173216177391,64,30.752359928890236
1551453425252,961,53.96275169344578,64,30.6627784140062
1551453426221,936,54.080595970181584,64,30.645754219069698
1551453427247,970,53.995788818667634,64,30.62602883796896
1551453428243,990,53.64297056095884,64,30.6165128799338
1551453429212,970,53.47725701140005,64,30.627542467783694
1551453430209,972,53.371800407602265,64,30.513160769288547
1551453431206,968,53.35587411918586,64,30.463634111844407
1551453431207,918,53.564159838033895,64,30.548386984723457
1551453432225,891,54.078751224747606,65,30.528783150660733
1551453433218,847,54.9260809664386,66,30.61169560136712
1551453434231,787,56.422686022578084,67,30.7960929329354
1551453435225,834,57.295827402723894,68,30.906544961417893
1551453436221,870,57.7853565292852,69,30.872355113127064
1551453436222,871,58.26414443133778,69,30.82158975031693
1551453437216,929,58.45621928338916,68,30.994163287540715
1551453438220,955,58.549388641278476,68,31.02980316100194
1551453439188,947,58.66893062816665,67,31.00753304058803
1551453440186,935,58.82812357522741,67,30.989493126066552
1551453441182,950,58.89261882613281,67,30.982274219131718
1551453443208,944,59.03712917441748,67,30.962342719288316
1551453444203,912,59.16224787595821,67,31.007877206362977
1551453445204,940,59.19897957877582,67,31.0495186317071
1551453446200,967,59.15097284932904,66,31.081814746259454
1551453447194,965,59.065366850886534,66,31.068432930427562
1551453448194,959,58.921500537905125,66,30.99755127132596
1551453449192,999,58.851544853836835,65,31.070663633303074
1551453450187,996,58.73317209723216,65,31.032400825429207
1551453451156,986,58.70381520016447,64,30.96873756339815
1551453451158,976,58.63667323271183,64,30.923079440852312
1551453452186,935,58.78655032153002,64,31.009760772342236
1551453454178,875,59.33522855930377,66,31.15626536167532
1551453454180,875,59.72188870513941,66,31.104979293388133
1551453455179,901,59.96090058356415,66,31.051792473051762
1551453456162,936,60.09454605083631,66,31.106248314615602
1551453458169,1029,60.13576499075324,65,31.197338466490038
1551453458171,1029,60.050597913341235,65,31.145984788107956
1551453459166,1046,59.808317809533925,64,31.15485515934876
1551453460163,1101,59.820126374099935,63,31.27293894929473
1551453461162,1119,60.04652028878995,62,31.168630907237144
1551453462158,1094,60.23963828499891,61,31.20111966614423
1551453463156,1124,60.59599252219396,60,31.16836706122344
1551453464152,1095,60.718849887536805,60,31.04702502910537
1551453465121,1062,60.79326450759939,60,31.097046737423057
1551453466149,1077,60.910214124085435,59,31.06746690671771
1551453467146,1087,61.065233899489066,59,31.049408842579993
1551453468142,1049,61.10466469472444,59,31.125753002939543
1551453469139,1040,61.21622256738396,59,31.125584013766236
1551453471134,1055,61.35465081315135,59,31.134987027756143
1551453472105,1097,61.4908865454435,58,31.213322847444598
1551453473129,1108,61.71474177530188,58,31.191674046150904
1551453474127,1064,61.70542754433499,58,31.292362015830665
1551453475127,1100,61.845872635586076,58,31.306749795873998
1551453476121,1093,62.01047665799707,58,31.300403061112164
1551453477095,1086,62.15290576520334,57,31.292626556765622
1551453478091,1085,62.28936758187479,57,31.267061567612135
1551453479113,1075,62.38558911548011,57,31.270450262230785
1551453480117,1059,62.429714900513495,57,31.25599280286446
1551453481114,1034,62.44065694075502,58,31.247569441902044
1551453482108,1072,62.51319621140874,58,31.300667534087363
1551453483104,1048,62.48539391762952,58,31.307807459913565
1551453484102,1069,62.44095622098886,58,31.30553343805309
1551453485099,1072,62.30925825987893,58,31.27023847957569
1551453487097,1039,61.72628388670058,58,31.301396272975964
1551453487099,1039,61.63836363689046,58,31.249529797787073
1551453488067,984,61.47627851423635,59,31.41391231672981
1551453489063,1002,61.43105443834618,59,31.362472019322567
1551453490061,1011,61.43036248286277,59,31.286108706687127
1551453491056,1014,61.372097802521914,59,31.26316334058024
1551453492056,961,61.437828886866015,60,31.335606995568636
1551453493053,992,61.44960387339908,60,31.385186001236736
1551453494050,973,61.491551073676526,60,31.36278981081894
1551453495077,984,61.516609187032216,61,31.300494089272117
1551453496073,1003,61.50288577934223,61,31.29842427545269
1551453497071,998,61.51050934869021,61,31.29953880759437
1551453498070,994,61.521512708393466,61,31.261675559764647
1551453499067,1011,61.48840190018218,61,31.24110504636916
1551453500062,1046,61.41140302185621,61,31.28701130520395
1551453501059,1062,61.42102891793557,60,31.197687110795943
1551453502056,1035,61.43118901418669,60,31.22749023183583
1551453503058,1067,61.49895701142948,60,31.27293842511228
1551453504057,1051,61.516638872381016,60,31.247803909545954
1551453505050,1050,61.54796386432905,60,31.15836731635016
1551453506051,1052,61.54395610753021,59,31.157247734335236
1551453507047,1064,61.576823107409744,59,31.079525045862777
1551453508015,1057,61.62082452247095,59,31.07679909289991
1551453509041,1006,61.62332051929109,59,31.212113246126677
1551453511036,1040,61.73042975646653,59,31.31730086283512
1551453511037,1043,61.64734513198944,59,31.26571365726902
1551453512035,1006,61.64914671873982,59,31.299698023232025
1551453513032,1052,61.58161053941331,59,31.359747684483004
1551453514028,1079,61.75863267624519,59,31.356804196780253
1551453515028,1070,61.83434753395336,59,31.358499353884504
1551453516023,1014,61.83450978632273,59,31.47983587068367
1551453517021,1065,61.87374101399165,59,31.51490708808713
1551453518018,1087,62.00032833925728,59,31.53282316693316
1551453519018,1060,62.049700409389835,58,31.56594110546609
1551453521007,1086,62.26073048362321,58,31.631313599027145
1551453522007,1077,62.317381487330074,58,31.503597678148868
1551453523006,1044,62.12844766175445,58,31.55476720454983
1551453524004,985,61.998001611061866,59,31.72291495643698
1551453525000,1012,61.75899358827458,59,31.76113977803693
1551453525999,1045,61.52963326444181,59,31.7256993618738
1551453526995,1004,61.45662454031506,59,31.756784052125514
1551453527992,1039,61.26028198102132,59,31.656331646818042
1551453528996,1041,61.245736353512335,59,31.65464684160395
1551453529990,1010,61.209642839365614,59,31.69337470197833
1551453530986,1005,61.20147907505608,60,31.671490860604166
1551453531983,1032,61.20546375048974,60,31.70646621747684
1551453531984,979,61.148790532745,60,31.800823240978946
1551453534974,1019,61.33813105296113,60,31.85911713280211
1551453534976,1019,61.235824313893175,60,31.80597428157169
1551453535970,988,61.22017035282401,60,31.856239577200576
1551453536972,1010,61.18161533803263,60,31.80597428157169
1551453537967,966,61.25830519777063,61,31.86330177492596
1551453537969,952,61.277844307611176,61,31.82056210624626
1551453538965,955,61.36246602341241,62,31.795756000884367
1551453539937,941,61.522048519790175,62,31.805524081930265
1551453540933,911,61.8263986924588,63,31.8172209372968
1551453541931,916,62.06329111853601,63,31.698014442569256
1551453542928,916,62.33437715111009,64,31.60979914509669
1551453543926,870,62.840788141485234,65,31.697700011933225
1551453544951,883,63.28893258810006,66,31.656167753071927
1551453544952,882,63.653684018151544,66,31.60376580797031
1551453545950,829,64.5525676239326,67,31.7229834996522
1551453546945,790,65.82842109754067,68,31.748911437771277
1551453547942,819,66.77565048794027,69,31.792685234768804
1551453548939,826,67.63650320903187,71,31.741870732770206
1551453548941,794,68.68553557042013,71,31.74272609695025
1551453549909,866,69.19225008776449,71,32.00979635527647
1551453551906,830,70.0885377298372,71,32.10769336950155
1551453551908,830,70.74282523920279,71,32.05466658951573
1551453552901,861,71.26264023985628,71,31.999845296655753
1551453553928,854,71.78810572745374,72,32.002165768294276
1551453553930,792,72.74669210522181,72,32.14676459123391
1551453554926,791,73.76791866378088,73,32.12424482012235
1551453555921,810,74.62375326487778,73,32.090281772064984
1551453556909,790,75.5867350015644,74,32.099249868264266
1551453556910,789,76.48101716999253,74,32.04663609875304
1551453557922,851,76.8658946321131,74,32.189948904238975
1551453558915,885,77.05897458072458,73,32.221760195019755
1551453559911,859,77.2348442879554,73,32.19174112596756
1551453560908,850,77.68002549064431,73,32.17340312824335
1551453561912,885,77.86462522037404,73,32.23392978692167
1551453562907,867,78.11992315444836,73,32.24043891821797
1551453562909,827,78.62665691981738,73,32.26883601522958
1551453563874,856,78.88054003854484,72,32.18472011918586
1551453564897,871,79.18483130151739,72,32.17781479072006
1551453565898,855,79.53102168990952,72,32.187563059142505
1551453566897,980,79.43160781308518,71,32.804082720558654
1551453567893,996,79.42758893035646,70,32.811852234502446
1551453568897,979,79.42334307104632,69,32.78141112021689
1551453569859,1003,79.36263247869621,68,32.80034672222291
1551453570856,1016,79.33505107407672,67,32.79436823961234
1551453571856,991,79.32457270636355,66,32.78066343783842
1551453572878,981,79.27081792677672,66,32.77847013780789
1551453573876,910,79.3929230527876,67,32.957290643133085
1551453573878,818,79.92133728321099,67,33.319888710998946
1551453574876,819,80.5617620339165,68,33.137557542306986
1551453575875,799,81.2524529659951,69,33.133428802865055
1551453576869,793,82.02577155197669,70,33.11926921725995
1551453577871,957,82.03793924785877,70,34.40849641305423
1551453579862,1049,82.20248329317316,68,34.83617119502962
1551453579863,1049,82.12711786190494,67,34.77938848214818
1551453580861,1020,82.13241566384924,66,34.782057600789315
1551453581859,1052,82.19559441318364,65,34.74738993783357
1551453582855,1068,82.16717512851471,64,34.70291353463291
1551453583853,1068,82.36316234484295,64,34.72769830144177
1551453584852,1026,82.2479874137655,63,34.753772102099575
1551453585848,1038,82.41601796326484,63,34.77770261746071
1551453586816,989,82.39169155428145,63,34.88828144822304
1551453587843,1015,82.38191127538359,62,34.82099407921167
1551453588844,1006,82.27040121316278,62,34.80003369649047
1551453589811,1002,82.21567376200811,62,34.78879972518769
1551453590806,956,82.15022798580694,62,34.856149243213125
1551453591851,982,82.11568119901,62,34.68377386301998
1551453592830,1024,82.1230276122294,62,34.761823381704914
1551453593830,1031,82.12813232819444,62,34.75212364330947
1551453594827,999,81.99505604190675,62,34.74354093013025
1551453595826,1033,82.14601258982155,61,34.85035482273256
1551453596824,1041,82.17424267562798,61,34.7747053228803
1551453597821,998,82.17006036624952,61,34.849233210712015
1551453598814,1029,82.19261002530907,61,34.8548409098854
1551453599815,1055,82.12931762787835,61,34.82973427418576
1551453600809,1071,82.34581541102801,60,34.894582986820524
1551453601809,1027,82.33910109327216,60,34.94006035469281
1551453602808,1070,82.44778493945773,60,34.984268218748014
1551453603807,1073,82.54092400207122,59,34.98450098895588
1551453604800,1025,82.53601453148643,60,35.06257784049608
1551453606795,1047,82.71224640544632,60,34.67566813753288
1551453606797,1047,82.6286146852525,60,34.61914704350101
1551453607770,1025,82.52392488761652,60,34.51940869347607
1551453609789,1063,82.27757545385263,59,34.584457355201415
1551453610787,1058,82.05489978548744,59,34.333274974750125
1551453610789,1006,81.92192622843324,59,34.40578686695946
1551453611782,1065,82.00787682250693,59,34.53623653478949
1551453612784,1018,82.01073438510731,59,34.62695689474965
1551453614778,934,82.22500352934131,60,35.00711871399499
1551453614780,969,82.10751717301713,61,35.00709545258139
1551453615773,964,81.99678768397145,61,34.951199109876626
1551453616769,1028,82.14812155197657,61,35.15711700092876
1551453618764,1049,82.25480145611184,61,35.18787980606251
1551453618766,1043,82.16042204950607,60,35.13201061616941
1551453619764,1048,82.08923681504861,60,35.12754538029157
1551453620760,1080,82.13365899819226,60,34.95328348158138
1551453621762,1061,82.07803584406095,59,34.913154236794696
1551453622756,1044,81.75298044568018,59,34.90797581132856
1551453623752,1090,81.43596869525722,59,35.00539744329245
1551453624752,1080,81.112988101159,59,34.87413384912068
1551453625749,1049,80.97528600511474,59,34.88239898512795
1551453626745,1055,80.72415616343721,59,34.873573430012904
1551453627714,1039,80.51119249684383,59,34.78224489966953
1551453628742,1048,80.48093328933759,59,34.75437309909936
1551453629740,1039,80.35237782169172,59,34.75699728018594
1551453630737,1026,80.18550627961913,59,34.68987780534601
1551453631733,990,80.12374433510806,59,34.62855480405715
1551453632732,1004,79.89289861139082,60,34.61067787260606
1551453633725,1016,79.54995795027446,60,34.5133689812583
1551453634727,987,79.42225712657249,60,34.49689427014719
1551453635695,1015,79.28415305713136,60,34.48559834926013
1551453636721,1022,79.17010227653807,60,34.432054005563934
1551453637718,1098,78.96110253704302,60,34.650902801154615
1551453638714,1132,79.25068809205865,59,34.57337388537864
1551453639686,1097,79.16410295649573,58,34.630798543958065
1551453640683,1105,79.10712781250177,58,34.516418077244296
1551453641707,1129,79.3678895003976,58,34.44820128001709
1551453643708,1137,79.2950066755485,57,34.22782455753459
1551453644698,1095,79.44432395812063,57,33.95048128013937
1551453645696,1130,79.78822173899526,57,33.74593714235294
1551453646695,1153,80.04109121468602,56,33.37854154738668
1551453647693,1124,80.36004441274083,56,32.57249494143942
1551453648690,1104,80.34687057788065,56,32.54443216813867
1551453649687,1130,80.30247610555423,56,32.57779463964775
1551453650683,1122,80.23316753198397,56,32.580194219411794
1551453651679,1110,80.12786352111371,56,32.55358899340888
1551453652683,1055,79.95888204711297,56,32.656688187684026
1551453653680,1085,79.99589300289534,56,32.69177944065973
1551453654678,1072,79.98009395410627,56,32.647069835303284
1551453656669,1101,79.99341738644381,56,32.73489407195754
1551453657670,1082,79.92439185919098,56,32.63323978342045
1551453658666,1069,79.97069241921515,56,32.60527924320979
1551453659663,1087,80.00513606217197,56,32.568459365689165
1551453660633,1109,80.00660454356861,56,32.50382087286825
1551453661659,1084,80.06931010217176,56,32.52530961378097
1551453662656,1079,80.07262576305574,56,32.50231763222122
1551453663625,1060,79.93734399419476,57,32.36855151278522
1551453664654,1022,79.90296846207369,57,32.426614717227956
1551453665649,1008,79.81862158962895,57,32.3942026421526
1551453666644,1035,79.8216724117384,58,32.36925593277816
1551453667645,1038,79.85645196864402,58,32.20000606955655
1551453668642,1083,79.87753768859473,58,32.249786065936966
1551453669638,1122,80.18366664339358,57,32.358738354310674
1551453670635,1141,80.47712299270498,57,32.3756453282935
1551453671634,1168,80.92342198845098,56,32.360801880845536
1551453672633,1124,80.97695021691412,56,32.365180147706354
1551453675629,1133,81.2812307754635,56,32.34825862493332
1551453675631,1114,81.42116664850545,56,32.31361840835104
1551453676617,1057,81.47325913826141,56,32.461188489794004
1551453677618,1073,81.54002835189196,56,32.44507676884042
1551453678616,1027,81.45260092234736,57,32.454140596079036
1551453679612,1014,81.4418670826534,57,32.42860433452182
1551453680611,1035,81.46960777959393,57,32.4508174867068
1551453681606,1032,81.49289757308458,58,32.451270658022956
1551453682605,988,81.49476755387444,58,32.396390906871865
1551453683607,1024,81.37555734870736,58,32.40877952388848
1551453684601,1032,81.41791054570965,59,32.44860189138945
1551453685597,1072,81.50062435491652,58,32.525002951475095
1551453686603,1029,81.50438390157763,59,32.61595703938137
1551453687593,1053,81.55377674134459,59,32.608291178698266
1551453688590,1070,81.65321848675993,58,32.60468309119297
1551453689559,1045,81.69099108155734,58,32.63098291120931
1551453691555,1073,81.93008867308541,58,32.66049902743851
1551453691561,1087,81.94709469536744,58,32.61690888324703
1551453692578,1048,81.95149192673615,58,32.65380899420564
1551453693581,1048,81.99017705628403,58,32.65300834913019
1551453695571,1063,82.18641339456528,58,32.70869939929503
1551453695574,1063,82.12826871284183,58,32.6552100758522
1551453696572,1037,82.14898922423536,58,32.6829691213671
1551453697569,1060,82.20304064066475,58,32.65821219126073
1551453698568,1074,82.23760563532113,58,32.60668763354187
1551453699556,1022,82.23385229674349,58,32.738716062359025
1551453700561,1052,82.37971246373743,58,32.80773599295761
1551453701558,1070,82.44287145980337,58,32.812682474121814
1551453702555,1037,82.4119278004109,58,32.864600518081986
1551453703554,1030,82.38527278957876,58,32.783092403569604
1551453704550,1037,82.25805820016724,59,32.67956698551336
1551453705547,993,82.22712682398713,59,32.728440532236355
1551453706550,996,82.2264158726786,59,32.644583815068245
1551453707548,986,82.1810434615256,60,32.63830596696835
1551453708541,953,82.20707240663529,60,32.68448270718178
1551453709537,932,82.29964746322096,61,32.706594311780776
1551453711531,941,82.44965873303623,62,32.702054096115475
1551453711533,908,82.49657613784312,62,32.70303540331025
1551453712533,944,82.54718997522673,63,32.76548563931761
1551453713529,979,82.54718997522673,63,32.82067521108417
1551453714525,940,82.62335423445553,63,32.790942371931685
1551453715494,913,82.71524097578256,64,32.821324535464655
1551453715495,940,82.65867851063608,64,32.80398309945824
1551453716521,957,82.75697239000453,64,32.86923919481407
1551453717520,926,82.84585700392687,64,32.88345041925207
1551453718515,952,82.81626126404544,64,32.91309968914416
1551453719485,963,82.78801273110824,64,32.87721818234985
1551453720509,937,82.86088201785843,64,32.908467194853586
1551453721510,938,82.92277831710224,64,32.84024919535651
1551453722505,940,82.90440929189819,65,32.839200884828166
1551453723505,927,82.9350097141121,65,32.83146231943968
1551453724499,938,82.97471249959112,65,32.836255452337234
1551453725497,956,82.98345845373059,65,32.82122464024228
1551453726495,940,82.97322185404688,65,32.7762408950922
1551453726496,915,82.98887062358521,65,32.75383527909665
1551453727492,930,83.07140377546416,65,32.74510390982688
1551453728492,925,83.18575960468917,65,32.72638598851515
1551453729467,937,83.24873217242272,65,32.73337526453925
1551453730458,977,83.24332508976171,65,32.81235021752306
1551453731482,990,83.21994478042797,65,32.71310961959451
1551453732479,964,83.00389991857561,65,32.649906484439164
1551453733477,999,82.52284800942871,64,32.53043971723594
1551453734474,1004,81.58647792666308,64,32.42019204845981
1551453735473,987,81.0089507510704,64,32.36923250734798
1551453736468,993,80.41075364105012,63,32.253110825077584
1551453737468,973,80.3130297258459,63,32.2390332230651
1551453738466,991,80.26525642598145,63,32.25229489998796
1551453739436,968,80.22394951050909,63,32.271922373546495
1551453740433,1022,80.12700027721847,63,32.408778862654195
1551453741429,1042,80.0893958300199,62,32.427246503356926
1551453742428,1055,80.00683492981699,62,32.382600063695406
1551453743426,1045,79.95744260735306,61,32.33578943969861
1551453744451,1091,79.91789053442545,61,32.403248167479724
1551453745452,1058,79.87734845436383,60,32.42145616211788
1551453746448,1065,79.91062623960998,60,32.42373144250577
1551453747442,1029,79.88176204238786,60,32.48737459686026
1551453748441,1001,79.8331975432504,60,32.44617232218088
1551453749439,1017,79.83300427601799,60,32.458649608790395
1551453750409,994,79.83409569288833,60,32.48030929352856
1551453751434,1019,79.9357111992837,60,32.47519296162436
1551453752435,1023,79.82829326989783,60,32.29316776363889
1551453753399,973,79.72357290486315,61,32.36705469313197
1551453754427,943,79.20197270640875,61,32.43160820135684
1551453755426,857,79.43965658261472,63,32.74306877236125
1551453756421,888,79.63243550398798,63,32.354583584824105
1551453756422,955,79.56175830613438,63,32.52852468269637
1551453757425,1013,79.43200167623884,63,32.6441499027899
1551453758417,969,79.57772061540535,63,32.78009191917418
1551453759414,999,79.5506594898194,63,32.673647073976205
1551453760412,1026,79.37993365406534,63,32.69396094032066
1551453761408,1040,79.14653691871315,62,32.67244289290539
1551453762407,1069,79.07028428869414,62,32.66948242576264
1551453763401,1074,78.8809424075919,61,32.62851011203466
1551453765402,1097,78.95634941007386,60,32.642602127958654
1551453766399,1075,78.95064384203344,60,32.661944699894214
1551453767393,1077,78.91960077534681,60,32.58935085996167
1551453768361,1054,78.92877013460408,59,32.6119529265607
1551453769387,1051,78.94617696109852,59,32.60105745782522
1551453770386,1068,78.89238581504996,59,32.56212221705902
1551453771383,1032,78.85816277384073,59,32.53855216584138
1551453772375,1010,78.69168441301147,59,32.55683554929144
1551453773380,1010,78.47998220829656,60,32.45920516586936
1551453774378,979,78.42820178418768,60,32.442281660577784
1551453775374,989,78.2521485096978,60,32.44485864446039
1551453776372,930,78.21563765960799,62,32.61780666254876
1551453776373,917,78.25235112819648,62,32.572944785913116
1551453777366,983,78.12721377076834,62,32.790680965328164
1551453778368,1066,78.07134910915401,61,33.12725513349602
1551453780363,1078,78.14733047841223,61,33.14508593006625
1551453781355,1047,78.16665923036663,60,33.12118830528425
1551453782353,1030,78.08559702578751,60,33.10698009706624
1551453783352,1054,78.09719730937566,60,33.1136641599561
1551453784348,1061,78.07702570949311,60,33.11564436394594
1551453785348,1043,78.01292775580234,60,33.07775241636035
1551453786343,1016,77.8879557339989,60,33.05971028978391
1551453787342,1063,78.037579652333,60,33.07344038675736
1551453789312,1037,78.17805651380765,59,33.14124477540271
1551453789313,1037,78.07119011122509,59,33.08687026006778
1551453790309,1031,78.08449050036779,59,33.08820799313134
1551453791313,1066,78.16026004906543,59,33.00963595033684
1551453792331,1097,78.29370945013478,59,33.00963595033684
1551453793333,1054,78.33806410412306,59,33.0834513631568
1551453794324,1092,78.46890495809816,58,33.14894355807426
1551453796323,1052,78.63026827966776,58,33.263501413949044
1551453796325,1052,78.54408315739438,58,33.20892631334603
1551453797318,1079,78.65080043376383,58,33.244104617259275
1551453798287,1053,78.69101443433965,58,33.26318301459279
1551453799313,1029,78.70056012193201,58,33.231182275234154
1551453800312,1069,78.74860979352142,58,33.29741780959727
1551453801309,1067,78.76049898634842,58,33.26170446033333
1551453802307,1033,78.7582833891146,58,33.26820960754881
1551453803304,1031,78.69580416968918,58,33.255789585929335
1551453804273,1053,78.69953113315599,58,33.279590555488866
1551453805268,1079,78.76858138818831,58,33.312676659636764
1551453806266,1049,78.7631947315234,58,33.3498592913688
1551453807294,1083,78.81546444009824,58,33.40423061456168
1551453808290,1058,78.81754758523175,58,33.30711537233794
1551453809287,1033,78.83105919711517,58,33.28096979986721
1551453810282,1055,78.74879625076846,58,33.25033785272357
1551453812253,1044,78.98702288538799,59,33.1928178661399
1551453812254,1006,78.85748075807199,59,33.209716137022895
1551453814249,1060,78.89662719388694,59,33.36826021047072
1551453815246,1057,78.86617962206272,59,33.2137713194867
1551453816273,1017,78.86720320905886,59,33.1641650295204
1551453817270,1031,78.80942093073294,59,33.14987893920896
1551453818263,1047,78.70942878923634,59,33.1264026515343
1551453819263,999,78.65200148898062,59,33.20713501326897
1551453820260,1040,78.54577803949918,59,33.23567113908749
1551453821257,1023,78.42046748360504,59,33.2459291234083
1551453822258,1029,78.32750766549229,59,33.19396547962136
1551453823256,1009,78.29830406036419,59,33.04145434023799
1551453824253,1032,78.302063285421,59,33.03152989513374
1551453825253,1013,78.30230747178248,60,32.99537970636515
1551453826246,991,78.27648531878927,60,32.93585419877977
1551453827249,1003,78.27661063447016,60,32.88200464552301
1551453827251,1008,78.14865051525996,60,32.829476234078435
1551453828212,962,78.16754833576998,61,32.934426829508276
1551453829238,981,78.15537288496229,61,32.904645360108496
1551453830234,1001,78.15557391787154,61,32.92326193545513
1551453831235,996,78.15764550736561,61,32.888303739716
1551453832233,996,78.25832652314068,61,32.722028475340345
1551453833225,1054,78.17844048837803,61,32.83634404430675
1551453834223,1069,78.13321078304986,60,32.79399722619462
1551453835224,1002,78.25439267790556,60,33.02257100951455
1551453836220,1003,78.24765895319617,61,32.99866307452292
1551453837219,1022,78.25252361726535,61,32.92058179744632
1551453838217,1010,78.28457977957987,61,32.9714730151215
1551453839186,939,78.32451320567549,61,33.21149317161942
1551453840183,953,78.29456832999108,62,33.17672500364093
1551453841180,984,78.11326281703015,62,33.22294289231811
1551453842207,997,77.94140886937731,62,33.23128093809936
1551453843205,1010,77.76612813215857,62,33.13509357508304
1551453844171,1076,77.46357480533801,61,33.3416000678127
1551453845171,1075,77.00765428154853,61,33.257765219094644
1551453846168,1035,76.32277457545419,60,33.2616718730354
1551453847166,1052,75.30818590656928,60,33.23436514085669
1551453848190,1072,74.57974824404378,60,33.25173125686763
1551453849189,1035,72.87399895583121,60,33.06594071916847
1551453850188,1041,72.39928637748739,60,33.003000163651485
1551453851155,1038,72.2937341325175,60,32.94912346090719
1551453852183,1021,70.85098381281203,60,32.9698331962735
1551453855175,957,67.66274552353715,61,33.126273560423314
1551453855177,957,67.6388427386045,61,33.07120074833807
1551453856169,873,67.09343647689411,61,33.403851211312556
1551453857172,879,65.06567548443532,62,33.269204979981126
1551453858164,1012,64.34434100423366,62,34.08738769691806
1551453859164,967,63.94859837139171,62,34.153281931121434
1551453860163,1030,63.27841694402055,62,34.34249068816452
1551453861152,1070,62.57987604602434,61,34.36068489810217
1551453862153,1092,62.22435205709902,60,34.36844482952348
1551453864150,1052,60.004442870830296,60,34.43167536522695
1551453864152,1089,60.02576360650514,60,34.44058428879868
1551453865150,1110,59.58557171618568,59,34.449565675793885
1551453866145,1095,58.918618173265486,59,33.693731739426376
1551453867146,1075,58.93322137758801,59,33.70087779093594
1551453868141,1103,59.08102782098073,58,33.725430794494656
1551453869140,1097,59.1644440363221,58,33.69864481262352
1551453870139,1039,59.154756506905706,58,33.85682030162394
1551453873129,1089,59.37049428555649,58,33.80838259968576
1551453873131,1067,59.317438842841824,58,33.77566138528486
1551453875124,1062,56.6115261021542,58,33.44605378087995
1551453875126,1062,56.54968574777694,58,33.38969981704018
1551453876121,1072,55.00970387891624,58,33.39292652774749
1551453877117,1082,53.35031771879149,57,32.013517767738676
1551453878120,1066,53.21902578230576,58,31.57893215783201
1551453879105,1036,53.130526257163865,58,31.57376576469392
1551453880112,1054,53.21591627140215,58,31.59934364062834
1551453881108,1040,53.21496508060958,58,31.555199884181373
1551453882079,1005,53.221525934240894,58,31.60685473110644
1551453883103,1029,53.17724940255183,59,31.637519813232203
1551453885070,980,53.301862472980645,59,31.717183508781634
1551453885071,980,53.291503238766,59,31.663742555051716
1551453886097,1007,53.306180910255094,59,31.57472031488106
1551453887090,1001,53.279673640678176,60,31.540578320761345
1551453888093,984,53.339256331672466,60,31.551678521251716
1551453889062,1016,53.32732704637644,60,31.60541657536501
1551453890059,1056,53.32390602057677,60,31.57791923425264
1551453891057,1052,53.16451826458062,60,31.5427132780736
1551453892078,1020,53.093524397511786,60,31.50319314690463
1551453893078,978,53.17941317193838,60,31.594708247198447
1551453894076,980,53.25944446517975,60,31.540311440936115
1551453895074,955,53.40706772148073,62,31.51195593744329
1551453895076,873,54.08563122426264,62,31.815639225526485
1551453897041,961,54.317251665019015,63,32.17570658549854
1551453897042,961,54.36955929172372,63,32.12167513413364
1551453898065,845,55.373368501210386,64,32.76784313353811
1551453899064,803,56.88859585776435,66,32.82350606403239
1551453900060,1016,56.87065832581207,65,35.05379375154478
1551453901060,1035,56.81663219567398,64,34.97832502388457
1551453902029,1048,56.828967508774944,64,34.89764515814631
1551453903026,1013,56.781804167799116,63,34.956060626115246
1551453904047,1032,56.7207823901083,63,34.86267402636317
1551453905021,1060,56.75220760612811,62,34.877109279265845
1551453906046,1084,56.75145797389498,62,34.846390100124204
1551453907044,1041,56.829565304656455,61,34.97036137211975
1551453908041,991,56.868550059008975,61,35.020990829182985
1551453909039,912,57.16276463828996,62,35.259620001860256
1551453910040,878,57.76760229695666,63,35.31321864927125
1551453911036,936,58.05886234234334,63,35.23835425694927
1551453912029,993,58.045986773834194,63,35.28783846630677
1551453913027,1012,58.04972446275511,63,34.96805829140564
1551453914030,972,58.03564660169772,63,34.98609374955773
1551453915023,1030,57.795757818215144,63,35.145813234572664
1551453916023,1088,57.79356658856747,62,35.110850346873356
1551453917016,1113,58.00956167377677,61,35.11964210730184
1551453918016,1125,58.189358652795185,60,35.06773188271509
1551453919022,1078,58.34034713079997,60,35.22897297556025
1551453920010,1094,58.45600586483438,59,35.19237638615354
1551453921015,1063,58.412848151430545,59,35.22097072091411
1551453922007,991,58.41746110599499,59,35.453391276719024
1551453923003,975,58.486445394237215,60,35.36525614613695
1551453924005,948,58.54802227222118,61,35.395085542161276
1551453924997,921,58.78047956503073,61,35.384086211840774
1551453925994,953,58.915321680602496,62,35.43090449436186
1551453926965,962,59.00433081347711,62,35.4226162919461
1551453927991,947,59.1715605177528,62,35.429436439815866
1551453928989,989,59.1924831522298,62,35.50904979649083
1551453928990,1019,59.09431825810489,62,35.492050077856824
1551453929985,1009,59.09531433322524,62,35.488798930061414
1551453930989,1034,59.09778181064569,62,35.45716715053724
1551453931982,1010,59.06993559307391,61,35.47508428955695
1551453932980,984,59.10457250098311,62,35.500153092137765
1551453933977,996,59.1255394925903,62,35.467305591012796
1551453934971,1001,59.101365128812255,62,35.43150158189499
1551453935943,951,59.25124584157929,62,35.54699183844593
1551453936981,959,59.37105360938918,62,35.27725825277207
1551453937968,946,59.38703468365196,63,35.23044062296545
1551453938962,931,59.29389520784259,63,35.1829428115805
1551453939934,973,59.20806038636732,63,35.26365102498663
1551453940931,978,59.070293895991014,63,35.23751231638653
1551453941960,984,58.785263000537505,63,35.23618351584834
1551453942954,1046,58.70402270104327,62,35.35906295892656
1551453943949,1093,58.47028397850597,62,35.380032033149234
1551453944949,1119,58.587015860717884,61,35.35416052838289
1551453945945,1116,58.50620301989433,60,35.32963817155976
1551453946922,1163,58.58385949710863,59,35.39411438831793
1551453949938,1166,58.54440093725922,58,35.45921184541456
1551453949940,1166,59.041886667610015,58,35.39986584257404
1551453950935,1125,59.05919823635495,57,35.47239729563911
1551453951931,1143,59.25476795232274,57,35.34483731867518
1551453952929,1139,59.60990720332734,56,35.30298858941664
1551453953926,1151,59.96390023258727,56,35.30180436329493
1551453954921,1146,60.32046072571699,56,35.263129389127975
1551453955921,1092,60.35302457003153,56,35.342090109858155
1551453956919,1109,60.389368201738066,56,35.33869456181613
1551453957887,1120,60.55317606685008,56,35.33643068185205
1551453958912,1049,60.51333817806559,56,35.558215178305375
1551453959912,1020,60.399495425202424,57,35.57494436631865
1551453960906,1020,60.192472202560644,57,35.5456513983544
1551453963872,1059,60.1951641741145,57,35.65019272894241
1551453964870,1053,60.222068899580734,58,35.64266164105961
1551453965869,1032,60.21936733845816,58,35.62910167133098
1551453966959,1066,60.268386592658175,58,35.68307552880818
1551453967861,1092,60.396773059122935,58,35.61958777915666
1551453968859,1129,60.610007290639786,57,35.61242713496166
1551453969857,1149,60.77862794788552,57,35.61426454282295
1551453970855,1139,60.76566118108883,56,35.584618877699704
1551453971851,1138,60.549127228660005,56,35.49326431987536
1551453972850,1096,60.41309129249357,56,35.57273482721347
1551453973847,1121,60.58010856765708,56,35.54261656059165
1551453974846,1075,60.55409102776901,56,35.582580007638555
1551453976841,1041,60.162558589534285,56,35.57419696820837
1551453976850,997,60.07943682406647,57,35.60570019375584
1551453977839,1002,60.017991635470494,58,35.507359451962024
1551453978835,993,60.04031895039826,58,35.50321479626266
1551453980830,1011,60.13758084683247,59,35.556788872159565
1551453980832,1011,60.04009585575204,59,35.497279560373215
1551453981829,1048,60.056433512514154,59,35.47055870883705
1551453982825,1022,60.02471025914691,59,35.441317082209856
1551453983824,1076,60.10609015381551,59,35.57562955254907
1551453984821,1092,60.23921877199994,59,35.51239832484718
1551453985818,1037,60.17626829941933,59,35.567731796538595
1551453986816,1089,60.29898185651228,58,35.6676408247965
1551453987812,1101,60.44432017728827,58,35.66084200034982
1551453989806,1094,60.61073962949266,58,35.65668701462689
1551453990804,1081,60.60371956383642,58,35.60494873724633
1551453991802,1105,60.70808914937627,57,35.61091944744781
1551453992801,1082,60.78777563445105,57,35.635835217907434
1551453993798,1055,60.798926664154806,57,35.65955730019147
1551453994796,1038,60.70363878242372,58,35.613448664128384
1551453995792,1050,60.73604907541848,58,35.6481218383806
1551453996789,1047,60.74679889797238,58,35.62363855870248
1551453997789,995,60.728662781806484,58,35.74156867771227
1551453998786,990,60.683160993372105,59,35.61558364898319
1551453999783,891,61.15466952802393,60,36.03247044228993
1551454000844,875,61.71374514037893,63,36.02930388246537
1551454000845,854,62.36060808199952,63,35.98950051274943
1551454001777,895,62.71327144006857,63,36.01699710230655
1551454002775,961,62.79737007111351,63,36.21641565011379
